{"index": {"6": {"robot0:FFJ3": 0.021350860595703125, "robot0:FFJ2": 0.18528705835342407, "robot0:FFJ1": 0.29947805404663086, "robot0:FFJ0": 5.8891782828141e-06, "robot0:MFJ3": 0.08224399387836456, "robot0:MFJ2": 0.2288966029882431, "robot0:MFJ1": 0.4558379054069519, "robot0:MFJ0": 3.55550400854554e-05, "robot0:RFJ3": 0.20778881013393402, "robot0:RFJ2": 0.3158979117870331, "robot0:RFJ1": 0.34853509068489075, "robot0:RFJ0": 3.0634146241936833e-07, "robot0:LFJ4": 0.3100913166999817, "robot0:LFJ3": 0.24915902316570282, "robot0:LFJ2": 0.03171808645129204, "robot0:LFJ1": 0.5636184215545654, "robot0:LFJ0": 0.28069934248924255, "robot0:THJ4": 0.6746236681938171, "robot0:THJ3": 1.0310603380203247, "robot0:THJ2": -0.18194550275802612, "robot0:THJ1": -0.5138413310050964, "robot0:THJ0": -0.14420638978481293, "WRJRx": 1.5707840609802086, "WRJRy": -0.13639558793504714, "WRJRz": -2.3478635310150544, "WRJTx": 0.07996068149805069, "WRJTy": -0.08186617493629456, "WRJTz": 0.04679393768310547}, "33": {"robot0:FFJ3": -0.03745437040925026, "robot0:FFJ2": 0.2527633011341095, "robot0:FFJ1": 0.3600733280181885, "robot0:FFJ0": 1.644932672206778e-05, "robot0:MFJ3": 0.004475622437894344, "robot0:MFJ2": 0.3352341651916504, "robot0:MFJ1": 0.3276462256908417, "robot0:MFJ0": 1.3403292541624978e-05, "robot0:RFJ3": 0.12390248477458954, "robot0:RFJ2": 0.2862279713153839, "robot0:RFJ1": 0.4654095768928528, "robot0:RFJ0": 3.689579898491502e-06, "robot0:LFJ4": 0.06588377803564072, "robot0:LFJ3": 0.2258111983537674, "robot0:LFJ2": 0.13719426095485687, "robot0:LFJ1": 0.685776948928833, "robot0:LFJ0": 0.1754433959722519, "robot0:THJ4": 0.7287362217903137, "robot0:THJ3": 1.16823148727417, "robot0:THJ2": -0.036013562232255936, "robot0:THJ1": -0.5061507225036621, "robot0:THJ0": -0.22315357625484467, "WRJRx": 1.5707957393567762, "WRJRy": -0.4197559328114665, "WRJRz": -2.38837545207043, "WRJTx": 0.07406285405158997, "WRJTy": -0.08492399752140045, "WRJTz": 0.04704020544886589}, "35": {"robot0:FFJ3": 0.29336458444595337, "robot0:FFJ2": 0.544425904750824, "robot0:FFJ1": 0.878593921661377, "robot0:FFJ0": 0.5177937746047974, "robot0:MFJ3": -0.2526593506336212, "robot0:MFJ2": 0.3188951313495636, "robot0:MFJ1": 0.8423166871070862, "robot0:MFJ0": 0.08371013402938843, "robot0:RFJ3": -0.17193058133125305, "robot0:RFJ2": 0.31777146458625793, "robot0:RFJ1": 0.5038319230079651, "robot0:RFJ0": 2.1860749257029966e-05, "robot0:LFJ4": 0.11755025386810303, "robot0:LFJ3": -0.11558396369218826, "robot0:LFJ2": 0.1850108653306961, "robot0:LFJ1": 0.16914761066436768, "robot0:LFJ0": 0.20456130802631378, "robot0:THJ4": 0.432691365480423, "robot0:THJ3": 0.5844576954841614, "robot0:THJ2": -0.19921875, "robot0:THJ1": -0.4542800784111023, "robot0:THJ0": -0.33856794238090515, "WRJRx": 1.570805644177231, "WRJRy": -0.10999732193463793, "WRJRz": 2.7574775757988306, "WRJTx": -0.026906484737992287, "WRJTy": -0.11397958546876907, "WRJTz": 0.05352652817964554}, "47": {"robot0:FFJ3": 0.2589036524295807, "robot0:FFJ2": 0.2557184100151062, "robot0:FFJ1": 0.3117486238479614, "robot0:FFJ0": 0.13893452286720276, "robot0:MFJ3": 0.3171989619731903, "robot0:MFJ2": 0.18677324056625366, "robot0:MFJ1": 0.6582134366035461, "robot0:MFJ0": 1.6677746316418052e-05, "robot0:RFJ3": 0.3490007519721985, "robot0:RFJ2": 0.29886364936828613, "robot0:RFJ1": 0.4359956383705139, "robot0:RFJ0": 0.09893240034580231, "robot0:LFJ4": 0.11607952415943146, "robot0:LFJ3": -0.34870681166648865, "robot0:LFJ2": 0.13204051554203033, "robot0:LFJ1": 1.0054367780685425, "robot0:LFJ0": 0.6907786726951599, "robot0:THJ4": 0.7863031029701233, "robot0:THJ3": 1.0526866912841797, "robot0:THJ2": -0.11150973290205002, "robot0:THJ1": -0.49297839403152466, "robot0:THJ0": -0.61191326379776, "WRJRx": 1.5708415093074284, "WRJRy": 0.03478869959758275, "WRJRz": -2.817836066956037, "WRJTx": 0.038705017417669296, "WRJTy": -0.11629891395568848, "WRJTz": 0.048994358628988266}, "56": {"robot0:FFJ3": -0.3634892404079437, "robot0:FFJ2": 0.40206989645957947, "robot0:FFJ1": 0.509831964969635, "robot0:FFJ0": 0.014936751686036587, "robot0:MFJ3": -0.24439874291419983, "robot0:MFJ2": 0.387154757976532, "robot0:MFJ1": 0.36215153336524963, "robot0:MFJ0": 0.03795205056667328, "robot0:RFJ3": -0.14564791321754456, "robot0:RFJ2": 0.26741230487823486, "robot0:RFJ1": 0.34745463728904724, "robot0:RFJ0": 0.058811768889427185, "robot0:LFJ4": 0.2517167329788208, "robot0:LFJ3": -0.06494204699993134, "robot0:LFJ2": 0.03889356926083565, "robot0:LFJ1": -0.004512402694672346, "robot0:LFJ0": -2.3811542632756755e-05, "robot0:THJ4": 0.5367060303688049, "robot0:THJ3": 0.5936957597732544, "robot0:THJ2": -0.20681096613407135, "robot0:THJ1": -0.5143559575080872, "robot0:THJ0": -0.00012575289292726666, "WRJRx": 1.5708959965981883, "WRJRy": -0.09431323443897233, "WRJRz": 2.579120984765705, "WRJTx": -0.04212244600057602, "WRJTy": -0.11154164373874664, "WRJTz": 0.05218694731593132}, "62": {"robot0:FFJ3": 0.11110258102416992, "robot0:FFJ2": 0.5020983219146729, "robot0:FFJ1": 0.8780573010444641, "robot0:FFJ0": 0.12379711121320724, "robot0:MFJ3": 0.1685156673192978, "robot0:MFJ2": 0.44440850615501404, "robot0:MFJ1": 0.9341006875038147, "robot0:MFJ0": 0.28397828340530396, "robot0:RFJ3": -0.3442173898220062, "robot0:RFJ2": 0.12939958274364471, "robot0:RFJ1": 0.42085790634155273, "robot0:RFJ0": 1.1253410775680095e-05, "robot0:LFJ4": 0.02245522104203701, "robot0:LFJ3": -0.27744460105895996, "robot0:LFJ2": 0.007779882289469242, "robot0:LFJ1": 0.3430730998516083, "robot0:LFJ0": 0.24749670922756195, "robot0:THJ4": 0.5874328017234802, "robot0:THJ3": 0.7891232371330261, "robot0:THJ2": -0.19207294285297394, "robot0:THJ1": -0.41487106680870056, "robot0:THJ0": -0.3562617897987366, "WRJRx": 1.5708124658892677, "WRJRy": -0.3511082824002811, "WRJRz": 2.9265745994244425, "WRJTx": -0.019900711253285408, "WRJTy": -0.12087057530879974, "WRJTz": 0.049060434103012085}, "74": {"robot0:FFJ3": 0.08092081546783447, "robot0:FFJ2": 0.43952858448028564, "robot0:FFJ1": 0.962602972984314, "robot0:FFJ0": 0.46848902106285095, "robot0:MFJ3": -0.23969675600528717, "robot0:MFJ2": 0.4203956723213196, "robot0:MFJ1": 0.546142578125, "robot0:MFJ0": 5.345617682905868e-05, "robot0:RFJ3": -0.16717956960201263, "robot0:RFJ2": 0.30941492319107056, "robot0:RFJ1": 0.5304466485977173, "robot0:RFJ0": 0.00010102847591042519, "robot0:LFJ4": 0.24058495461940765, "robot0:LFJ3": -0.12645553052425385, "robot0:LFJ2": 0.08123919367790222, "robot0:LFJ1": 0.21269743144512177, "robot0:LFJ0": 0.07285118103027344, "robot0:THJ4": 0.4257393181324005, "robot0:THJ3": 0.5077894330024719, "robot0:THJ2": -0.2010771781206131, "robot0:THJ1": -0.49476832151412964, "robot0:THJ0": -0.22868229448795319, "WRJRx": 1.5707626786594628, "WRJRy": -0.015623462455992089, "WRJRz": 2.7501109964786, "WRJTx": -0.03323156759142876, "WRJTy": -0.1137501671910286, "WRJTz": 0.05445137247443199}, "77": {"robot0:FFJ3": -0.07530128955841064, "robot0:FFJ2": 0.2828790247440338, "robot0:FFJ1": 0.5383293032646179, "robot0:FFJ0": 0.049788884818553925, "robot0:MFJ3": -0.017185892909765244, "robot0:MFJ2": 0.2756081819534302, "robot0:MFJ1": 0.8732035160064697, "robot0:MFJ0": 0.034817472100257874, "robot0:RFJ3": 0.05533229559659958, "robot0:RFJ2": 0.3642597794532776, "robot0:RFJ1": 0.7419798374176025, "robot0:RFJ0": 0.24522201716899872, "robot0:LFJ4": 0.25637099146842957, "robot0:LFJ3": -0.0002542783913668245, "robot0:LFJ2": 0.26135241985321045, "robot0:LFJ1": 0.4655766487121582, "robot0:LFJ0": -1.344615338894073e-05, "robot0:THJ4": 0.7123850584030151, "robot0:THJ3": 1.0805530548095703, "robot0:THJ2": -0.012344772927463055, "robot0:THJ1": -0.40301090478897095, "robot0:THJ0": -0.4446438252925873, "WRJRx": 1.5708191014732669, "WRJRy": 0.06403848215740487, "WRJRz": -2.7373096569551087, "WRJTx": 0.014080475084483624, "WRJTy": -0.1174037903547287, "WRJTz": 0.0588405542075634}, "83": {"robot0:FFJ3": 0.27761876583099365, "robot0:FFJ2": 0.37006181478500366, "robot0:FFJ1": 0.5958428382873535, "robot0:FFJ0": 0.02963651344180107,