{"index": {"2": {"robot0:FFJ3": 0.314144104719162, "robot0:FFJ2": 0.3747130036354065, "robot0:FFJ1": 0.6192609667778015, "robot0:FFJ0": 0.14222703874111176, "robot0:MFJ3": -0.1587199568748474, "robot0:MFJ2": 0.41850221157073975, "robot0:MFJ1": 0.7980306148529053, "robot0:MFJ0": 0.01637561433017254, "robot0:RFJ3": -0.10861584544181824, "robot0:RFJ2": 0.530723512172699, "robot0:RFJ1": 0.5206722021102905, "robot0:RFJ0": 0.062018346041440964, "robot0:LFJ4": 0.2600327432155609, "robot0:LFJ3": -0.19496393203735352, "robot0:LFJ2": 0.2240869402885437, "robot0:LFJ1": 0.4828985333442688, "robot0:LFJ0": 0.10051710903644562, "robot0:THJ4": 0.37117937207221985, "robot0:THJ3": 0.8738999366760254, "robot0:THJ2": -0.13506092131137848, "robot0:THJ1": -0.2520584464073181, "robot0:THJ0": 3.1763542210683227e-05, "WRJRx": 1.5708351058941104, "WRJRy": 0.10301388261309172, "WRJRz": 1.7202435789908002, "WRJTx": -0.11624835431575775, "WRJTy": -0.03335670754313469, "WRJTz": 0.07249090820550919}, "10": {"robot0:FFJ3": -0.13554830849170685, "robot0:FFJ2": 0.44891735911369324, "robot0:FFJ1": 0.7004766464233398, "robot0:FFJ0": 0.40544697642326355, "robot0:MFJ3": -0.06820840388536453, "robot0:MFJ2": 0.399547815322876, "robot0:MFJ1": 0.7391152381896973, "robot0:MFJ0": 0.08838561177253723, "robot0:RFJ3": 0.0011495694052428007, "robot0:RFJ2": 0.3623775243759155, "robot0:RFJ1": 0.5317884087562561, "robot0:RFJ0": 0.14187289774417877, "robot0:LFJ4": 0.2473813146352768, "robot0:LFJ3": -0.03631925582885742, "robot0:LFJ2": 0.14929744601249695, "robot0:LFJ1": 0.21257667243480682, "robot0:LFJ0": 0.304773211479187, "robot0:THJ4": 0.42746996879577637, "robot0:THJ3": 0.5695114731788635, "robot0:THJ2": -0.20826184749603271, "robot0:THJ1": -0.3117547929286957, "robot0:THJ0": -0.43482524156570435, "WRJRx": 1.5707924081406408, "WRJRy": -0.04150223794982373, "WRJRz": 1.3295222259350463, "WRJTx": -0.11168507486581802, "WRJTy": -0.004106904845684767, "WRJTz": 0.06266408413648605}, "34": {"robot0:FFJ3": -0.009305034764111042, "robot0:FFJ2": 0.3734748065471649, "robot0:FFJ1": 0.9496608376502991, "robot0:FFJ0": 0.19471807777881622, "robot0:MFJ3": 0.051020435988903046, "robot0:MFJ2": 0.44335296750068665, "robot0:MFJ1": 0.7907278537750244, "robot0:MFJ0": 0.1292986422777176, "robot0:RFJ3": 0.10690215975046158, "robot0:RFJ2": 0.38997969031333923, "robot0:RFJ1": 0.7018871307373047, "robot0:RFJ0": -2.3616237285750685e-06, "robot0:LFJ4": 0.3421076536178589, "robot0:LFJ3": -0.002846655435860157, "robot0:LFJ2": 0.1955147683620453, "robot0:LFJ1": 0.34510862827301025, "robot0:LFJ0": 0.14575457572937012, "robot0:THJ4": 0.1648574024438858, "robot0:THJ3": 0.8979716897010803, "robot0:THJ2": -0.1812966763973236, "robot0:THJ1": -0.249515563249588, "robot0:THJ0": -0.09981337189674377, "WRJRx": 1.5707906813946926, "WRJRy": 0.2926360989447137, "WRJRz": 1.3763848655087856, "WRJTx": -0.10762929171323776, "WRJTy": -0.0004283949383534491, "WRJTz": 0.06472515314817429}, "45": {"robot0:FFJ3": -0.008276954293251038, "robot0:FFJ2": 0.20460361242294312, "robot0:FFJ1": 0.7823895215988159, "robot0:FFJ0": 0.030968260020017624, "robot0:MFJ3": 0.06078749895095825, "robot0:MFJ2": 0.33775684237480164, "robot0:MFJ1": 0.7121843695640564, "robot0:MFJ0": 0.17649033665657043, "robot0:RFJ3": 0.13158823549747467, "robot0:RFJ2": 0.40480324625968933, "robot0:RFJ1": 0.5716584920883179, "robot0:RFJ0": 9.486099588684738e-05, "robot0:LFJ4": 0.3928432762622833, "robot0:LFJ3": 0.00789659097790718, "robot0:LFJ2": 0.33932754397392273, "robot0:LFJ1": 0.08035651594400406, "robot0:LFJ0": 0.285819947719574, "robot0:THJ4": 0.5083162784576416, "robot0:THJ3": 1.0507091283798218, "robot0:THJ2": 0.04911657050251961, "robot0:THJ1": -0.34312838315963745, "robot0:THJ0": 2.1067913621664047e-05, "WRJRx": 1.570805081630023, "WRJRy": 0.5335162894356897, "WRJRz": 1.5369372674269839, "WRJTx": -0.1184186339378357, "WRJTy": -0.022080982103943825, "WRJTz": 0.06365501880645752}, "47": {"robot0:FFJ3": 0.24625667929649353, "robot0:FFJ2": 0.2185087352991104, "robot0:FFJ1": 0.42182856798171997, "robot0:FFJ0": 0.24691347777843475, "robot0:MFJ3": 0.01598200388252735, "robot0:MFJ2": 0.3999432325363159, "robot0:MFJ1": 0.7956416606903076, "robot0:MFJ0": 0.008492784574627876, "robot0:RFJ3": 0.09344159066677094, "robot0:RFJ2": 0.4798341393470764, "robot0:RFJ1": 0.7696860432624817, "robot0:RFJ0": 0.004676707088947296, "robot0:LFJ4": 0.32547327876091003, "robot0:LFJ3": -0.030953723937273026, "robot0:LFJ2": 0.29633060097694397, "robot0:LFJ1": 0.6048888564109802, "robot0:LFJ0": 0.16165414452552795, "robot0:THJ4": 0.320576012134552, "robot0:THJ3": 0.838699221611023, "robot0:THJ2": -0.18246665596961975, "robot0:THJ1": -0.46694767475128174, "robot0:THJ0": -6.133995339041576e-05, "WRJRx": 1.5708191312436295, "WRJRy": 0.29560953554659986, "WRJRz": 2.0410926557706883, "WRJTx": -0.10383245348930359, "WRJTy": -0.07932890206575394, "WRJTz": 0.07128804177045822}, "71": {"robot0:FFJ3": -0.07495594769716263, "robot0:FFJ2": 0.4442152976989746, "robot0:FFJ1": 0.9039887189865112, "robot0:FFJ0": 0.11289412528276443, "robot0:MFJ3": -0.008281020447611809, "robot0:MFJ2": 0.40875300765037537, "robot0:MFJ1": 0.8992922902107239, "robot0:MFJ0": 0.007154683582484722, "robot0:RFJ3": 0.06509445607662201, "robot0:RFJ2": 0.48138388991355896, "robot0:RFJ1": 0.5066436529159546, "robot0:RFJ0": 2.353168383706361e-06, "robot0:LFJ4": 0.3122883439064026, "robot0:LFJ3": -0.0655871331691742, "robot0:LFJ2": 0.22275197505950928, "robot0:LFJ1": 0.3521755039691925, "robot0:LFJ0": 0.033035892993211746, "robot0:THJ4": 0.4614569842815399, "robot0:THJ3": 1.107344627380371, "robot0:THJ2": 0.0742526575922966, "robot0:THJ1": -0.1949344426393509, "robot0:THJ0": -0.18169529736042023, "WRJRx": 1.570767269819168, "WRJRy": 0.3058241218228946, "WRJRz": 1.2790068170941182, "WRJTx": -0.10263486951589584, "WRJTy": 0.014846660196781158, "WRJTz": 0.06541278213262558}, "73": {"robot0:FFJ3": -0.269409716129303, "robot0:FFJ2": 0.4659751057624817, "robot0:FFJ1": 0.60764080286026, "robot0:FFJ0": 0.23659829795360565, "robot0:MFJ3": -0.1949015110731125, "robot0:MFJ2": 0.4248262345790863, "robot0:MFJ1": 0.6669071316719055, "robot0:MFJ0": 0.013245663605630398, "robot0:RFJ3": -0.11009449511766434, "robot0:RFJ2": 0.29630351066589355, "robot0:RFJ1": 0.6205612421035767, "robot0:RFJ0": 0.10623005777597427, "robot0:LFJ4": 0.1275252401828766, "robot0:LFJ3": -0.09706053882837296, "robot0:LFJ2": 0.15034741163253784, "robot0:LFJ1": 0.43928536772727966, "robot0:LFJ0": 0.17889325320720673, "robot0:THJ4": 0.2559541165828705, "robot0:THJ3": 0.951692521572113, "robot0:THJ2": -0.04214039444923401, "robot0:THJ1": 0.07934346795082092, "robot0:THJ0": -2.1063849999336526e-05, "WRJRx": 1.5708188663132756, "WRJRy": -0.18151953071682272, "WRJRz": 1.3496943445795593, "WRJTx": -0.11599350720643997, "WRJTy": -0.005951318424195051, "WRJTz": 0.06747741997241974}, "84": {"robot0:FFJ3": -0.0032671780791133642, "robot0:FFJ2": 0.23667985200881958, "robot0:FFJ1": 0.9783217310905457, "robot0:FFJ0": 0.21348746120929718, "robot0:MFJ3": 0.058964844793081284, "robot0:MFJ2": 0.3381427228450775, "robot0:MFJ1": 1.0867958068847656, "robot0:MFJ0": 0.00018465133325662464, "robot0:RFJ3": 0.17624783515930176, "robot0:RFJ2": 0.6357068419456482, "robot0:RFJ1": 0.5313953161239624, "robot0:RFJ0": 9.33975024963729e-06, "robot0:LFJ4": 0.3336423635482788, "robot0:LFJ3": -0.0009941161843016744, "robot0:LFJ2": 0.27217811346054077, "robot0:LFJ1": 0.8351354598999023, "robot0:LFJ0": 0.0004962580860592425, "robot0:THJ4": 0.18797674775123596, "robot0:THJ3": 0.8675792813301086, "robot0:THJ2": -0.03843049332499504, "robot0:THJ1": -0.463971346616745, "robot0:THJ0": 9.345521903014742e-06, "WRJRx": 1.5708115462313172, "WRJRy": 0.4413229320397808, "WRJRz": 1.807944604111132, "WRJTx": -0.10718824714422226, "WRJTy": -0.05452146381139755, "WRJTz": 0.0700216144323349}, "86": {"robot0:FFJ3": -0.15398840606212616, "robot0:FFJ2": 0.3726605772972107, "robot0:FFJ1": 0.7266510725021362, "robot0:FFJ0": 4.448098479770124e-06,