{"index": {"9": {"robot0:FFJ3": 0.15274527668952942, "robot0:FFJ2": 0.1685861498117447, "robot0:FFJ1": 0.6017510294914246, "robot0:FFJ0": 0.34293532371520996, "robot0:MFJ3": 0.20370356738567352, "robot0:MFJ2": 0.20690754055976868, "robot0:MFJ1": 0.7212530374526978, "robot0:MFJ0": 0.1991368681192398, "robot0:RFJ3": 0.22781215608119965, "robot0:RFJ2": 0.2656556963920593, "robot0:RFJ1": 0.5135544538497925, "robot0:RFJ0": 0.3158533573150635, "robot0:LFJ4": 0.1410120129585266, "robot0:LFJ3": -0.348450630903244, "robot0:LFJ2": 0.07060316950082779, "robot0:LFJ1": 0.5857589840888977, "robot0:LFJ0": 0.5595113635063171, "robot0:THJ4": 0.7406890988349915, "robot0:THJ3": 0.8560100197792053, "robot0:THJ2": -0.1632106751203537, "robot0:THJ1": -0.513439953327179, "robot0:THJ0": -1.0179827213287354, "WRJRx": 1.5708171463977763, "WRJRy": 0.06048459725178433, "WRJRz": -2.946728246731243, "WRJTx": 0.016643092036247253, "WRJTy": -0.12223841995000839, "WRJTz": 0.05620440095663071}, "19": {"robot0:FFJ3": 0.02409638836979866, "robot0:FFJ2": -6.0993243096163496e-05, "robot0:FFJ1": 0.9653200507164001, "robot0:FFJ0": 0.3999447524547577, "robot0:MFJ3": 0.12373664975166321, "robot0:MFJ2": 0.20744307339191437, "robot0:MFJ1": 0.8550758957862854, "robot0:MFJ0": 0.4363020360469818, "robot0:RFJ3": 0.21088911592960358, "robot0:RFJ2": 0.29867956042289734, "robot0:RFJ1": 0.6542413830757141, "robot0:RFJ0": 0.23009935021400452, "robot0:LFJ4": 0.285430908203125, "robot0:LFJ3": 0.13780976831912994, "robot0:LFJ2": 0.19954456388950348, "robot0:LFJ1": 0.31606924533843994, "robot0:LFJ0": 0.3131486475467682, "robot0:THJ4": 0.817466139793396, "robot0:THJ3": 1.1759374141693115, "robot0:THJ2": 0.01787586137652397, "robot0:THJ1": -0.45269638299942017, "robot0:THJ0": -1.01322603225708, "WRJRx": 1.570823258912621, "WRJRy": 0.5408967147153756, "WRJRz": -3.1149152563388642, "WRJTx": -0.04270245134830475, "WRJTy": -0.1258191615343094, "WRJTz": 0.05789225175976753}, "21": {"robot0:FFJ3": -0.0831906646490097, "robot0:FFJ2": 0.3212273418903351, "robot0:FFJ1": 0.31257539987564087, "robot0:FFJ0": 0.09635486453771591, "robot0:MFJ3": -0.043429262936115265, "robot0:MFJ2": 0.3049861490726471, "robot0:MFJ1": 0.5326775908470154, "robot0:MFJ0": 0.1355990767478943, "robot0:RFJ3": 0.008139293640851974, "robot0:RFJ2": 0.249468132853508, "robot0:RFJ1": 0.7116072177886963, "robot0:RFJ0": 0.1443384438753128, "robot0:LFJ4": 0.11471471935510635, "robot0:LFJ3": 0.02055860310792923, "robot0:LFJ2": 0.05694358050823212, "robot0:LFJ1": 0.8474235534667969, "robot0:LFJ0": 0.22625315189361572, "robot0:THJ4": 0.6607136726379395, "robot0:THJ3": 1.0562801361083984, "robot0:THJ2": -0.1629955917596817, "robot0:THJ1": -0.23596277832984924, "robot0:THJ0": -0.00728005962446332, "WRJRx": 1.5708003797166177, "WRJRy": -0.17143330237127752, "WRJRz": -2.6311918721149508, "WRJTx": 0.04130682721734047, "WRJTy": -0.11062424629926682, "WRJTz": 0.06268870085477829}, "22": {"robot0:FFJ3": -0.07931265234947205, "robot0:FFJ2": 0.23210786283016205, "robot0:FFJ1": 0.5116909146308899, "robot0:FFJ0": 0.007790169678628445, "robot0:MFJ3": -0.03204439580440521, "robot0:MFJ2": 0.31663790345191956, "robot0:MFJ1": 0.5759136080741882, "robot0:MFJ0": 0.04750071093440056, "robot0:RFJ3": 0.030178114771842957, "robot0:RFJ2": 0.27481162548065186, "robot0:RFJ1": 0.8169564008712769, "robot0:RFJ0": 0.05288046970963478, "robot0:LFJ4": 0.029427846893668175, "robot0:LFJ3": 0.003685436211526394, "robot0:LFJ2": 0.23106732964515686, "robot0:LFJ1": 1.2001863718032837, "robot0:LFJ0": 1.5521106719970703, "robot0:THJ4": 0.49872973561286926, "robot0:THJ3": 0.948100745677948, "robot0:THJ2": -0.20326638221740723, "robot0:THJ1": -0.3429064452648163, "robot0:THJ0": -4.822523260372691e-05, "WRJRx": 1.5707993697825375, "WRJRy": -0.24727381524401154, "WRJRz": -2.4718893464206717, "WRJTx": 0.06369686126708984, "WRJTy": -0.08615242689847946, "WRJTz": 0.054496366530656815}, "52": {"robot0:FFJ3": 0.11097623407840729, "robot0:FFJ2": 0.4276059865951538, "robot0:FFJ1": 0.5855407118797302, "robot0:FFJ0": 0.22962616384029388, "robot0:MFJ3": 0.15085409581661224, "robot0:MFJ2": 0.32560351490974426, "robot0:MFJ1": 0.7786362767219543, "robot0:MFJ0": 0.21468479931354523, "robot0:RFJ3": -0.3087110221385956, "robot0:RFJ2": 0.1809164434671402, "robot0:RFJ1": 0.6117064356803894, "robot0:RFJ0": 0.2783137559890747, "robot0:LFJ4": 0.0755963996052742, "robot0:LFJ3": -0.24471747875213623, "robot0:LFJ2": 0.009505068883299828, "robot0:LFJ1": 0.4939575791358948, "robot0:LFJ0": 0.4077235460281372, "robot0:THJ4": 0.40817317366600037, "robot0:THJ3": 1.0981361865997314, "robot0:THJ2": 0.20901882648468018, "robot0:THJ1": -0.37670618295669556, "robot0:THJ0": -3.8086400309111923e-06, "WRJRx": 1.5707696701137766, "WRJRy": -0.15584759400069526, "WRJRz": 3.1112783359937093, "WRJTx": -0.004299994558095932, "WRJTy": -0.12580262124538422, "WRJTz": 0.061812423169612885}, "73": {"robot0:FFJ3": -0.36431506276130676, "robot0:FFJ2": 0.5187088251113892, "robot0:FFJ1": 0.8535285592079163, "robot0:FFJ0": 0.6204755902290344, "robot0:MFJ3": -0.3432917594909668, "robot0:MFJ2": 0.11760860681533813, "robot0:MFJ1": 1.0695974826812744, "robot0:MFJ0": 0.1507406085729599, "robot0:RFJ3": 0.2564433515071869, "robot0:RFJ2": 0.36392807960510254, "robot0:RFJ1": 0.7362738847732544, "robot0:RFJ0": 0.7855023145675659, "robot0:LFJ4": -0.01000820379704237, "robot0:LFJ3": 0.22962401807308197, "robot0:LFJ2": -0.009464081376791, "robot0:LFJ1": 0.6214455366134644, "robot0:LFJ0": 0.5076957941055298, "robot0:THJ4": 0.16289176046848297, "robot0:THJ3": 0.793890118598938, "robot0:THJ2": -0.20242151618003845, "robot0:THJ1": -0.17461755871772766, "robot0:THJ0": -0.0006261875969357789, "WRJRx": 1.5707927379914233, "WRJRy": -0.5283459361832279, "WRJRz": 2.691436730582631, "WRJTx": -0.0075124716386199, "WRJTy": -0.10455649346113205, "WRJTz": 0.05410391837358475}, "78": {"robot0:FFJ3": -0.16477982699871063, "robot0:FFJ2": 0.46312007308006287, "robot0:FFJ1": 0.28205057978630066, "robot0:FFJ0": 0.00013706940808333457, "robot0:MFJ3": -0.13424745202064514, "robot0:MFJ2": 0.38151803612709045, "robot0:MFJ1": 0.559262216091156, "robot0:MFJ0": 0.022615082561969757, "robot0:RFJ3": -0.07342538237571716, "robot0:RFJ2": 0.2986789047718048, "robot0:RFJ1": 0.65746009349823, "robot0:RFJ0": 0.3117106258869171, "robot0:LFJ4": 0.0001731735246721655, "robot0:LFJ3": 0.04351738467812538, "robot0:LFJ2": 0.12023913860321045, "robot0:LFJ1": 0.828840970993042, "robot0:LFJ0": 3.0491269171761815e-06, "robot0:THJ4": 0.713043749332428, "robot0:THJ3": 1.1863362789154053, "robot0:THJ2": 0.03388199210166931, "robot0:THJ1": -0.1426025927066803, "robot0:THJ0": 3.301203832961619e-05, "WRJRx": 1.57075873414097, "WRJRy": -0.4831759827701778, "WRJRz": -2.6251439425367584, "WRJTx": 0.045847631990909576, "WRJTy": -0.10141580551862717, "WRJTz": 0.05997782573103905}, "79": {"robot0:FFJ3": -0.14023807644844055, "robot0:FFJ2": 0.4789092242717743, "robot0:FFJ1": 0.46302852034568787, "robot0:FFJ0": 0.3179350197315216, "robot0:MFJ3": -0.026754697784781456, "robot0:MFJ2": 0.3088979125022888, "robot0:MFJ1": 0.5621779561042786, "robot0:MFJ0": 0.3434571623802185, "robot0:RFJ3": 0.07330454140901566, "robot0:RFJ2": 0.10616620630025864, "robot0:RFJ1": 0.5757065415382385, "robot0:RFJ0": 0.2506504952907562, "robot0:LFJ4": 0.013956405222415924, "robot0:LFJ3": -0.20661212503910065, "robot0:LFJ2": 0.099272720515728, "robot0:LFJ1": 1.165861964225769, "robot0:LFJ0": 4.300939690438099e-05, "robot0:THJ4": 0.06739029288291931, "robot0:THJ3": 1.1731128692626953, "robot0:THJ2": 0.20768553018569946, "robot0:THJ1": -0.2903186082839966, "robot0:THJ0": -0.00546681135892868, "WRJRx": 1.5708361042708927, "WRJRy": -0.3948703305822778, "WRJRz": 2.645661473664063, "WRJTx": -0.012117944657802582, "WRJTy": -0.12245733290910721, "WRJTz": 0.06064148247241974}, "80": {"robot0:FFJ3": -0.15606680512428284, "robot0:FFJ2": 0.20578880608081818, "robot0:FFJ1": 0.4598763585090637, "robot0:FFJ0": 5.703494935005438e-06,